fold,strategy,return,max_drawdown,sharpe_rf0,turnover,days
development,cash,0.0,0.0,0,0.0,1043
development,buy_hold,0.8438630991410319,0.652947599724991,0.5751047460573715,2.0,1043
development,trend,0.6313462493441926,0.3854759727385554,0.6083049615449796,20.0,1043
development,momentum,0.8002919975688616,0.3275249274500911,0.7008894676495694,56.0,1043
development,breakout,0.30456314078023294,0.11524817952746202,0.6001093318508114,152.0,1043
development,reversion,-0.09602202375147584,0.29986790118691686,-0.002924523919382427,110.0,1043
development,volume_filter,0.09904974796128996,0.022777862088589673,0.6525966201624454,10.0,1043
development,trend AND momentum,0.3740824491027104,0.3647343524739036,0.447425804756377,36.0,1043
development,trend + momentum,0.7301545121551154,0.33488872292000704,0.6759254003283269,37.46171553864762,1043
development,trend AND breakout,0.3304918858431145,0.1247504153740282,0.7168159664608355,104.0,1043
development,trend + breakout,0.5012239955868978,0.24228320981363238,0.7158969696179696,87.48922195089314,1043
development,trend AND reversion,-0.05062113536054025,0.20747001904636042,-0.07276946720331375,56.0,1043
development,trend + reversion,0.277242646947355,0.2559936282291265,0.41958404950492684,64.57071297391921,1043
development,trend AND volume_filter,0.04191038449404383,0.022777862088589673,0.3387818267544598,8.0,1043
development,trend + volume_filter,0.3794611873108853,0.18734828431736783,0.6837924549399034,17.225797530418063,1043
development,momentum AND breakout,0.515697390016272,0.11524817952746202,0.946581105815705,116.0,1043
development,momentum + breakout,0.5755412425197863,0.209798226900474,0.7738672691958922,104.3359827522023,1043
development,momentum AND reversion,-0.037269144621501216,0.18306073354027075,-0.06435895728011828,60.0,1043
development,momentum + reversion,0.36256232393932697,0.22489165775690367,0.5124051423692615,76.83284140120871,1043
development,momentum AND volume_filter,0.04191038449404383,0.022777862088589673,0.3387818267544598,8.0,1043
development,momentum + volume_filter,0.449965494173471,0.15160229192363284,0.7725443990015161,35.22167932329123,1043
development,breakout AND reversion,0.0,0.0,0,0.0,1043
development,breakout + reversion,0.1206720729328341,0.17572633454916475,0.28239677038567984,132.421827261596,1043
development,breakout AND volume_filter,-0.0016751013155976713,0.022777862088589673,-0.018520935588506246,2.0,1043
development,breakout + volume_filter,0.2076722349639255,0.05942885186609492,0.7527259571641489,81.24325525983298,1043
development,reversion AND volume_filter,0.09906598508194353,0.022629935454037353,0.7241035780402135,6.0,1043
development,reversion + volume_filter,0.019902471320672355,0.14491014707361827,0.098084328118569,61.17196218516109,1043
validation,cash,0.0,0.0,0,0.0,522
validation,buy_hold,0.8536741111111135,0.3042361388113277,1.184351875263526,2.0,522
validation,trend,0.4795029177524812,0.3302010057271201,0.9183802359512706,12.0,522
validation,momentum,0.2727243617071491,0.31973369201181834,0.6272068608510469,26.0,522
validation,breakout,-0.01218192377307048,0.17188778325487641,0.02462806602179945,98.0,522
validation,reversion,-0.15832126472237573,0.26876694577155835,-0.48131331306117375,40.0,522
validation,volume_filter,-0.020163490985068866,0.03925985784321906,-0.40202560824421857,8.0,522
validation,trend AND momentum,0.1349883662271114,0.32030047194834277,0.38967406910134067,28.0,522
validation,trend + momentum,0.3758642364295093,0.3246854464123359,0.7971732625463853,19.15280286380232,522
validation,trend AND breakout,-0.018471843120917653,0.17418314648360989,-0.004707782310709452,86.0,522
validation,trend + breakout,0.22223355268271816,0.21752760081000433,0.6665448784130769,54.605776486086434,522
validation,trend AND reversion,-0.20559698994255116,0.2886023122297223,-0.8459184148551266,24.0,522
validation,trend + reversion,0.1274224877147383,0.2621746190494565,0.43548272547699984,27.0185878053962,522
validation,trend AND volume_filter,-0.020163490985068866,0.03925985784321906,-0.40202560824421857,8.0,522
validation,trend + volume_filter,0.2170022623080754,0.18718674282501968,0.8547114272225967,11.075489860334171,522
validation,momentum AND breakout,-0.0005639025520491892,0.16618353567681532,0.06429428565152855,88.0,522
validation,momentum + breakout,0.13463120008811114,0.21169845823126765,0.4535605256233971,60.36758073149442,522
validation,momentum AND reversion,-0.25028319494661655,0.32305979830637976,-1.2557668492783038,26.0,522
validation,momentum + reversion,0.05442879233084352,0.25348896319643077,0.24266750512779883,30.010551660947915,522
validation,momentum AND volume_filter,-0.022958795103512175,0.03925985784321906,-0.4795497471128009,4.0,522
validation,momentum + volume_filter,0.13273475246568123,0.1794648943054502,0.5832374217966921,15.90843226519776,522
validation,breakout AND reversion,0.0,0.0,0,0.0,522
validation,breakout + reversion,-0.07939649476147592,0.17455132568913456,-0.3428104901260297,68.46720699052513,522
validation,breakout AND volume_filter,0.0,0.0,0,0.0,522
validation,breakout + volume_filter,-0.009794514033540258,0.09370950825200985,-0.03366545646564835,52.1166823805755,522
validation,reversion AND volume_filter,0.0058415247015943805,0.0,0.7509976036411748,2.0,522
validation,reversion + volume_filter,-0.08682970251691957,0.1479129952650089,-0.5462888201890661,23.361456854862833,522
holdout,cash,0.0,0.0,0,0.0,522
holdout_double_cost,cash,0.0,0.0,0,0.0,522
holdout,buy_hold,0.31418734003273596,0.24631792788217344,0.6330591552304798,2.0,522
holdout_double_cost,buy_hold,0.30892533394435095,0.24631792788217366,0.625686940814506,2.0,522
holdout,trend,-0.06763883050774844,0.2618361110993691,-0.08776636447940724,12.0,522
holdout_double_cost,trend,-0.08981485413503243,0.2647917192986695,-0.1500372375682102,12.0,522
